Id,Nombre,Director,Imagen,Data,Storyline
7,Zootopía,"<a href=""http://www.imdb.com/name/nm0397174/"">Byron Howard</a>, <a href=""http://www.imdb.com/name/nm0601781/"">Rich Moore</a>, <a href=""http://www.imdb.com/name/nm1158544/"">Jared Bush</a>",https://images-na.ssl-images-amazon.com/images/M/MV5BOTMyMjEyNzIzMV5BMl5BanBnXkFtZTgwNzIyNjU0NzE@._V1_SY1000_SX675_AL_.jpg,"TE | 108 min | Animation, Adventure, Comedy","From the largest elephant to the smallest shrew, the city of Zootopia is a mammal metropolis where various animals live and thrive. When Judy Hopps becomes the first rabbit to join the police force, she quickly learns how tough it is to enforce the law. Determined to prove herself, Judy jumps at the opportunity to solve a mysterious case. Unfortunately, that means working with Nick Wilde, a wily fox who makes her job even harder."
5,La llegada,"<a href=""http://www.imdb.com/name/nm0898288/"">Denis Villeneuve</a>","https://images-na.ssl-images-amazon.com/images/M/MV5BMTExMzU0ODcxNDheQTJeQWpwZ15BbWU4MDE1OTI4MzAy._V1_SY1000_CR0,0,640,1000_AL_.jpg","TE+7 | 116 min | Drama, Mystery, Sci-Fi","When mysterious spacecraft touch down across the globe, an elite team - led by expert linguist Louise Banks - is brought together to investigate. As mankind teeters on the verge of global war, Banks and the team race against time for answers - and to find them, she will take a chance that could threaten her life, and quite possibly humanity."
10,La La Land: Ciudad de Sueños,"<a href=""http://www.imdb.com/name/nm3227090/"">Damien Chazelle</a>",https://images-na.ssl-images-amazon.com/images/M/MV5BMzUzNDM2NzM2MV5BMl5BanBnXkFtZTgwNTM3NTg4OTE@._V1_SY1000_SX675_AL_.jpg,"TE | 128 min | Comedy, Drama, Music","Mia, an aspiring actress, serves lattes to movie stars in between auditions and Sebastian, a jazz musician, scrapes by playing cocktail party gigs in dingy bars, but as success mounts they are faced with decisions that begin to fray the fragile fabric of their love affair, and the dreams they worked so hard to maintain in each other threaten to rip them apart."
3,Capitán América: Civil War,"<a href=""http://www.imdb.com/name/nm0751577/"">Anthony Russo</a>, <a href=""http://www.imdb.com/name/nm0751648/"">Joe Russo</a>","https://images-na.ssl-images-amazon.com/images/M/MV5BMjQ0MTgyNjAxMV5BMl5BanBnXkFtZTgwNjUzMDkyODE@._V1_SY1000_CR0,0,674,1000_AL_.jpg","TE+7 | 147 min | Action, Adventure, Sci-Fi","With many people fearing the actions of super heroes, the government decides to push for the Hero Registration Act, a law that limits a hero's actions. This results in a division in The Avengers. Iron Man stands with this Act, claiming that their actions must be kept in check otherwise cities will continue to be destroyed, but Captain America feels that saving the world is daring enough and that they cannot rely on the government to protect the world."
2,Batman vs Superman: El Origen de la Justicia,"<a href=""http://www.imdb.com/name/nm0811583/"">Zack Snyder</a>","https://images-na.ssl-images-amazon.com/images/M/MV5BYThjYzcyYzItNTVjNy00NDk0LTgwMWQtYjMwNmNlNWJhMzMyXkEyXkFqcGdeQXVyMTQxNzMzNDI@._V1_SY1000_CR0,0,675,1000_AL_.jpg","TE+7 | 151 min | Action, Adventure, Sci-Fi","The general public is concerned over having Superman on their planet and letting the ""Dark Knight"" - Batman - pursue the streets of Gotham. While this is happening, a power-phobic Batman tries to attack Superman.,Meanwhile Superman tries to settle on a decision, and Lex Luthor, the criminal mastermind and millionaire, tries to use his own advantages to fight the ""Man of Steel""."
6,Rogue One: Una historia de Star Wars,"<a href=""http://www.imdb.com/name/nm2284484/"">Gareth Edwards</a>",https://images-na.ssl-images-amazon.com/images/M/MV5BMjEwMzMxODIzOV5BMl5BanBnXkFtZTgwNzg3OTAzMDI@._V1_SY1000_SX675_AL_.jpg,"TE | 133 min | Action, Adventure, Sci-Fi","All looks lost for the Rebellion against the Empire as they learn of the existence of a new super weapon, the Death Star. Once a possible weakness in its construction is uncovered, the Rebel Alliance must set out on a desperate mission to steal the plans for the Death Star. The future of the entire galaxy now rests upon its success."
8,Doctor Strange: Hechicero Supremo,"<a href=""http://www.imdb.com/name/nm0220600/"">Scott Derrickson</a>","https://images-na.ssl-images-amazon.com/images/M/MV5BNTA2NTg0MjM0OV5BMl5BanBnXkFtZTgwNTEyMDExMTI@._V1_SY1000_CR0,0,729,1000_AL_.jpg","PG-13 | 115 min | Action, Adventure, Fantasy","Marvel's ""Doctor Strange"" follows the story of the talented neurosurgeon Doctor Stephen Strange who, after a tragic car accident, must put ego aside and learn the secrets of a hidden world of mysticism and alternate dimensions. Based in New York City's Greenwich Village, Doctor Strange must act as an intermediary between the real world and what lies beyond, utilising a vast array of metaphysical abilities and artifacts to protect the Marvel Cinematic Universe."
9,X-Men: Apocalipsis,"<a href=""http://www.imdb.com/name/nm0001741/"">Bryan Singer</a>","https://images-na.ssl-images-amazon.com/images/M/MV5BMjU1ODM1MzYxN15BMl5BanBnXkFtZTgwOTA4NDE2ODE@._V1_SY1000_CR0,0,676,1000_AL_.jpg","TE+7 | 144 min | Action, Adventure, Sci-Fi","Since the dawn of civilization, he was worshiped as a god. Apocalypse, the first and most powerful mutant from Marvel's X-Men universe, amassed the powers of many other mutants, becoming immortal and invincible. Upon awakening after thousands of years, he is disillusioned with the world as he finds it and recruits a team of powerful mutants, including a disheartened Magneto, to cleanse mankind and create a new world order, over which he will reign."
4,Escuadrón Suicida,"<a href=""http://www.imdb.com/name/nm0043742/"">David Ayer</a>","https://images-na.ssl-images-amazon.com/images/M/MV5BMjM1OTMxNzUyM15BMl5BanBnXkFtZTgwNjYzMTIzOTE@._V1_SY1000_CR0,0,674,1000_AL_.jpg","TE+7 | 123 min | Action, Adventure, Fantasy","It feels good to be bad… Assemble a team of the world's most dangerous, incarcerated Super Villains, provide them with the most powerful arsenal at the government's disposal, and send them off on a mission to defeat an enigmatic, insuperable entity. U.S. intelligence officer Amanda Waller has determined only a secretly convened group of disparate, despicable individuals with next to nothing to lose will do."
11,Hasta el último hombre,"<a href=""http://www.imdb.com/name/nm0043742/"">Mel Gibson</a>","https://images-na.ssl-images-amazon.com/images/M/MV5BMjQ1NjM3MTUxNV5BMl5BanBnXkFtZTgwMDc5MTY5OTE@._V1_SY1000_CR0,0,647,1000_AL_.jpg","TE+7 | 139 min | Biography, Drama, History","WWII American Army Medic Desmond T. Doss, who served during the Battle of Okinawa, refuses to kill people, and becomes the first man in American history to receive the Medal of Honor without firing a shot."
12,El libro de la selva,"<a href=""http://www.imdb.com/name/nm0269463/?ref_=adv_li_dr_0"">john Favreau</a>","https://images-na.ssl-images-amazon.com/images/M/MV5BMTc3NTUzNTI4MV5BMl5BanBnXkFtZTgwNjU0NjU5NzE@._V1_SY1000_SX675_AL_.jpg","A/i | 106 min | Adventure, Drama, Family","After a threat from the tiger Shere Khan forces him to flee the jungle, a man-cub named Mowgli embarks on a journey of self discovery with the help of panther, Bagheera, and free spirited bear, Baloo."
13,Passengers,"<a href=""http://www.imdb.com/name/nm0878763/?ref_=adv_li_dr_0"">Morten Tyldum</a>","https://images-na.ssl-images-amazon.com/images/M/MV5BMTk4MjU3MDIzOF5BMl5BanBnXkFtZTgwMjM2MzY2MDI@._V1_SY1000_CR0,0,675,1000_AL_.jpg","TE+7 | 116 min | Adventure, Drama, Romance","A spacecraft traveling to a distant colony planet and transporting thousands of people has a malfunction in its sleep chambers. As a result, two passengers are awakened 90 years early."
14,Buscando a Dory,"<a href=""http://www.imdb.com/name/nm0004056/?ref_=adv_li_dr_0"">Andrew Stanton</a>","https://images-na.ssl-images-amazon.com/images/M/MV5BNzg4MjM2NDQ4MV5BMl5BanBnXkFtZTgwMzk3MTgyODE@._V1_SY1000_CR0,0,674,1000_AL_.jpg","TE | 97 min | Animation, Adventure, Comedy","The friendly but forgetful blue tang fish, Dory, begins a search for her long-lost parents, and everyone learns a few things about the real meaning of family along the way."
15,La leyenda de Tarzán,"<a href=""http://www.imdb.com/name/nm0946734/?ref_=adv_li_dr_0"">David Yates</a>","https://images-na.ssl-images-amazon.com/images/M/MV5BMzY3OTI0OTcyMF5BMl5BanBnXkFtZTgwNjkxNTAwOTE@._V1_SY1000_CR0,0,674,1000_AL_.jpg","TE | 110 min | Action, Adventure, Drama","Tarzan, having acclimated to life in London, is called back to his former home in the jungle to investigate the activities at a mining encampment."
